{
	"configs" : [
		{
			"remarks" : "清风云",
			"id" : "61A72234A45630543136527288D82A2D",
			"server" : "server host",
			"server_port" : 80,
			"server_udp_port" : 0,
			"password" : "0",
			"method" : "none",
			"protocol" : "auth_chain_a",
			"protocolparam" : "",
			"obfs" : "http_simple",
			"obfsparam" : "",
			"remarks_base64" : "5riF6aOO5LqR",
			"group" : "www.q-air.top",
			"enable" : true,
			"udp_over_tcp" : false
		}
	],
	"index" : 0,
	"random" : false,
	"sysProxyMode" : 3,
	"shareOverLan" : false,
	"localPort" : 1080,
	"localAuthPassword" : "p7QUFexMV93KmQJ2HC_f",
	"localDnsServer" : "",
	"dnsServer" : "",
	"reconnectTimes" : 2,
	"balanceAlgorithm" : "SelectedFirst",
	"randomInGroup" : false,
	"TTL" : 0,
	"connectTimeout" : 5,
	"proxyRuleMode" : 2,
	"proxyEnable" : false,
	"pacDirectGoProxy" : false,
	"proxyType" : 0,
	"proxyHost" : "",
	"proxyPort" : 0,
	"proxyAuthUser" : "",
	"proxyAuthPass" : "",
	"proxyUserAgent" : "",
	"authUser" : "",
	"authPass" : "",
	"autoBan" : false,
	"checkSwitchAutoCloseAll" : false,
	"logEnable" : false,
	"sameHostForSameTarget" : false,
	"keepVisitTime" : 180,
	"isHideTips" : false,
	"nodeFeedAutoUpdate" : true,
	"serverSubscribes" : [

	],
	"token" : {

	},
	"portMap" : {

	}
}